filename,hash
John Anderson.docx,7b0adcb1b4e1a2edc95a54d9f48688cf0f5175cfd7a7c12d8c2077084e678156
John Doe.docx,703e26b2ef90b22d5a52dc53224d28a824a221a64e9ef8d384d06da553113ce8
Lucía García.docx,cc38c1cc85d892f31f1a38b23dac64b3e3549af0d6f4f66b8811eabc0143d76c
Jane Smith.docx,47b05e419d000b38cd05bb7217cd825294a04e23a5cb1214005acd5800ec7047
Priya mehta.docx,89e5e293e7a349eb0acb75f5adbdb1dc8d028f309f5263ee4458ed0fb4782a47
jd2.txt,4ed85a505566a3d11efcb4f6749c3e690d992ef627537a36c5e900e4a630b4c2
Sienna Valdez.docx,c746b633d83493fc99b83ebaa67ce16867be03f0ce4c4b049963ce0cc28f22d2
Aarav Kumar.docx,68e6fcd5adb36af24d8b9bea4b16008d135a457c41ff86dd037394e69705d975
Meera Singh.docx,82c8907ecbe8f126a66c183af35d909d5e36e829ed2ac86b64144d792bdfac0a
